/*		UNIVERSIDAD LAICA ELOY ALFARO DE MANABI 
		   FACULTAD DE CIENCIAS INFORMATICAS
		  CARRERA TECNOLOGIA DE LA INFOMACION

NOMBRE: JOSSELYN STEFANY MACIAS PICO
CURSO: CUARTO "B"

TAREA #1: CREACION DE TABLAS Y INGRESO DE DATOS EN CADA UNA DE ELLAS  */

/* CREACION DE TABLA VENDOR */

CREATE TABLE VENDOR (
	V_CODE int PRIMARY KEY not null,
	V_NAME varchar(15) not null,
	V_CONTACT varchar(50),
	V_AREACODE varchar(3),
	V_PHONE varchar(8),
	V_STATE varchar(2),
	V_ORDER varchar(1)
);
/* INGRESO DE DATOS DE LA TABLA VENDOR */

INSERT INTO VENDOR VALUES(21225,'Bryson, Inc.','Smithson','615','223-3234','TN','Y');
INSERT INTO VENDOR VALUES(21226,'SuperLoo, Inc.','Flushing','904','215-8995','FL','N');
INSERT INTO VENDOR VALUES(21231,'D&E Supply','Singh','615','228-3245','TN','Y');
INSERT INTO VENDOR VALUES(21344,'Gomez Bros.','Ortega','615','889-2546','KY','N');
INSERT INTO VENDOR VALUES(22567,'Dome Supply','Smith','901','678-1419','GA','N');
INSERT INTO VENDOR VALUES(23119,'Randsets Ltd.','Anderson','901','678-3998','GA','Y');
INSERT INTO VENDOR VALUES(24004,'Brackman Bros.','Browning','615','228-1410','TN','N');
INSERT INTO VENDOR VALUES(24288,'ORDVA, Inc.','Hakford','615','898-1234','TN','Y');
INSERT INTO VENDOR VALUES(25443,'B&K, Inc.','Smith','904','227-0093','FL','N');
INSERT INTO VENDOR VALUES(25501,'Damal Supplies','Smythe','615','890-3529','TN','N');
INSERT INTO VENDOR VALUES(25595,'Rubicon Systems','Orton','904','456-0092','FL','Y');

/* CREACION DE TABLA PRODUCTO */

CREATE TABLE PRODUCT (
	P_CODE varchar(10) PRIMARY KEY not null,
	P_DESCRIPT varchar(35),
	P_INDATE timestamp,
	P_QOH int,
	P_MIN int,
	P_PRICE float(8),
	P_DISCOUNT float(8),
	V_CODE int,
	CONSTRAINT V_CODE_FK FOREIGN KEY (V_CODE)
	REFERENCES VENDOR (V_CODE) MATCH SIMPLE	
);
/* INGRESO DE DATOS DE LA TABLA PRODUCTO */

INSERT INTO PRODUCT VALUES('11QER/31','Power painter, 15 psi., 3-nozzle','11/3/2009 14:30:06',8,5,'109.99','0',25595);
INSERT INTO PRODUCT VALUES('13-Q2/P2','7.25-in. pwr. saw blade','12/13/2009 14:20:10',32,15,'14.99','0.05',21344);
INSERT INTO PRODUCT VALUES('14-Q1/L3','9.00-in. pwr. saw blade','11/13/2009 17:45:10',18,12,'17.49','0',21344);
INSERT INTO PRODUCT VALUES('1546-QQ2','Hrd. cloth, 1/4-in., 2x50','1/15/2010 18:30:10',15,8,'39.95','0',23119);
INSERT INTO PRODUCT VALUES('1558-QW1','Hrd. cloth, 1/2-in., 3x50','1/15/2010 19:15:00',23,5,'43.99','0',23119);
INSERT INTO PRODUCT VALUES('2232/QTY','B&D jigsaw, 12-in. blade','12/30/2009 19:50:15',8,5,'109.92','0.05',25595);
INSERT INTO PRODUCT VALUES('2232/QWE','B&D jigsaw, 8-in. blade','12/24/2009 19:59:15',6,5,'99.87','0.05',24288);
INSERT INTO PRODUCT VALUES('2238/QPD','B&D cordless drill, 1/2-in.','1/20/2010 20:30:10',12,5,'38.95','0.05',25595);
INSERT INTO PRODUCT VALUES('23109-HB','Claw hammer','1/20/2010 12:30:10',23,10,'9.95','0.1',21225);
INSERT INTO PRODUCT VALUES('23114-AA','Sledge hammer, 12 lb.','1/2/2010 08:30:10',8,5,'14.40','0.05', 21231);
INSERT INTO PRODUCT VALUES('54778-2T','Rat-tail file, 1/8-in. fine','12/15/2009 09:30:10',43,20,'4.99','0',21231);
INSERT INTO PRODUCT VALUES('89-WRE-Q','Hicut chain saw, 16 in.','2/7/2010 11:30:10',11,5,'256.99','0.05',24288);
INSERT INTO PRODUCT VALUES('PVC23DRT','PVC pipe, 3.5-in., 8-ft','2/20/2010 14:24:10',188,75,'5.87','0',25443 );
INSERT INTO PRODUCT VALUES('SM-18277','1.25-in. metal screw, 25','3/1/2010 15:30:10',172,75,'6.99','0',21225);
INSERT INTO PRODUCT VALUES('SW-23116','2.5-in. wd. screw, 50','2/24/2010 18:30:10',237,100,'8.45','0',21231);
INSERT INTO PRODUCT VALUES('WR3/TT3','Steel matting, 4''x8''x1/6", .5" mesh','1/17/2010 12:30:10',18,5,'119.95','0.1',25595);

/* CREACION DE TABLA CUSTOMER */


CREATE TABLE CUSTOMER (
	CUS_CODE varchar(5) PRIMARY KEY NOT NULL,
	CUS_LNAME varchar(15),
	CUS_FNAME varchar(15),
	CUS_INITIAL varchar(1),
	CUS_AREACODE varchar(3),
	CUS_PHONE varchar(8),
	CUS_BALANCE float(8)
);
/* INGRESO DE DATOS DE LA TABLA CUSTOMER */

INSERT INTO CUSTOMER VALUES('10010','Ramas','Alfred','A','615','844-2573','0');
INSERT INTO CUSTOMER VALUES('10011','Dunne','Leona','K','713','894-1238','0');
INSERT INTO CUSTOMER VALUES('10012','Smith','Kathy','W','615','894-2285','345.86');
INSERT INTO CUSTOMER VALUES('10013','Olowski','Paul','F','615','894-2180','536.75');
INSERT INTO CUSTOMER VALUES('10014','Orlando','Myron','','615','222-1672','0');
INSERT INTO CUSTOMER VALUES('10015','O''Brian','Amy','B','713','442-3381','0');
INSERT INTO CUSTOMER VALUES('10016','Brown','James','G','615','297-1228','221.19');
INSERT INTO CUSTOMER VALUES('10017','Williams','George','','615','290-2556','768.93');
INSERT INTO CUSTOMER VALUES('10018','Farriss','Anne','G','713','382-7185','216.55');
INSERT INTO CUSTOMER VALUES('10019','Smith','Olette','K','615','297-3809','0');

/* CREACION DE TABLA INVOICE */

CREATE TABLE INVOICE (
	INV_NUMBER varchar(4) PRIMARY KEY not null,
	CUS_CODE varchar(5),
	INV_DATE timestamp,
	INV_SUBTOTAL float(8),
	INV_TAX float(8),
	INV_TOTAL float(8),
	CONSTRAINT CUS_CODE_FK FOREIGN KEY (CUS_CODE)
	REFERENCES CUSTOMER (CUS_CODE) MATCH SIMPLE
);
/* INGRESO DE DATOS DE LA TABLA INVOICE */

INSERT INTO INVOICE VALUES('1001','10014','1/16/2010 08:30:59','24.90','1.99','26.89');
INSERT INTO INVOICE VALUES('1002','10011','1/16/2010 15:30:40','9.98','0.80','10.78');
INSERT INTO INVOICE VALUES('1003','10012','1/16/2010 15:45:48','153.85','12.31','166.16');
INSERT INTO INVOICE VALUES('1004','10011','1/17/2010 09:40:50','34.97','2.80','37.77');
INSERT INTO INVOICE VALUES('1005','10018','1/17/2010 06:30:10','70.44','5.64','76.08');
INSERT INTO INVOICE VALUES('1006','10014','1/17/2010 20:34:17','397.83','31.83','429.66');
INSERT INTO INVOICE VALUES('1007','10015','1/17/2010 19:50:10','34.97','2.80','37.77');
INSERT INTO INVOICE VALUES('1008','10011','1/17/2010 19:00:40','399.15','31.93','431.08');

/* CREACION DE TABLA LINE */

CREATE TABLE LINE (
	LINE_NUMBER int PRIMARY KEY not null,
	INV_NUMBER varchar(4),
	P_CODE varchar(10) not null,
	LINE_UNITS float(8),
	LINE_PRICE float(8),
	LINE_TOTAL float(8),
	CONSTRAINT INV_NUMBER_FK FOREIGN KEY (INV_NUMBER)
	REFERENCES INVOICE(INV_NUMBER) MATCH SIMPLE,
	CONSTRAINT P_CODE_FK FOREIGN KEY (P_CODE)
	REFERENCES  PRODUCT (P_CODE) MATCH SIMPLE
);
/*  INSERTAR DATOS A LA TABLA LINE */

INSERT INTO LINE VALUES(1,'1001','13-Q2/P2','1','14.99','14.99');
INSERT INTO LINE VALUES(2,'1001','23109-HB','1','9.95','9.95');
INSERT INTO LINE VALUES(3,'1002','54778-2T','2','4.99','9.98');
INSERT INTO LINE VALUES(4,'1003','2238/QPD','1','38.95','38.95');
INSERT INTO LINE VALUES(5,'1003','1546-QQ2','1','39.95','39.95');
INSERT INTO LINE VALUES(6,'1003','13-Q2/P2','5','14.99','74.95');
INSERT INTO LINE VALUES(7,'1004','54778-2T','3','4.99','14.97');
INSERT INTO LINE VALUES(8,'1004','23109-HB','2','9.95','19.90');
INSERT INTO LINE VALUES(9,'1005','PVC23DRT','12','5.87','70.44');
INSERT INTO LINE VALUES(10,'1006','SM-18277','3','6.99','20.97');
INSERT INTO LINE VALUES(11,'1006','2232/QTY','1','109.92','109.92');
INSERT INTO LINE VALUES(12,'1006','23109-HB','1','9.95','9.95');
INSERT INTO LINE VALUES(13,'1006','89-WRE-Q','1','256.99','256.99');
INSERT INTO LINE VALUES(14,'1007','13-Q2/P2','2','14.99','29.98');
INSERT INTO LINE VALUES(15,'1007','54778-2T','1','4.99','4.99');
INSERT INTO LINE VALUES(16,'1008','PVC23DRT','5','5.87','29.35');
INSERT INTO LINE VALUES(17,'1008','WR3/TT3','3','119.95','359.85');
INSERT INTO LINE VALUES(18,'1008','23109-HB','1','9.95','9.95');

/*    MOSTRAR TABLAS   */

	/*SELECT *FROM VENDOR
	SELECT *FROM PRODUCT
	SELECT *FROM CUSTOMER
	SELECT *FROM INVOICE
	SELECT *FROM LINE*/

/*	BORRAR TABLAS   */

	/*DROP TABLE VENDOR;
	DROP TABLE PRODUCT;
	DROP TABLE CUSTOMER;
	DROP TABLE INVOICE;
	DROP TABLE LINE;*/
 