/*		UNIVERSIDAD LAICA ELOY ALFARO DE MANABI 
		   FACULTAD DE CIENCIAS INFORMATICAS
		  CARRERA TECNOLOGIA DE LA INFOMACION

NOMBRE: JOSSELYN STEFANY MACIAS PICO
CURSO: CUARTO "B"

TAREA #1: CREACION DE TABLAS Y INGRESO DE DATOS EN CADA UNA DE ELLAS  */

/* CREACION DE TABLA VENDOR */

CREATE TABLE VENDOR (
	V_CODE integer PRIMARY KEY not null UNIQUE,
	V_NAME varchar(15) not null,
	V_CONTACT varchar(50)not null,
	V_AREACODE varchar(3)not null,
	V_PHONE varchar(8)not null,
	V_STATE varchar(2)not null,
	V_ORDER varchar(1)not null
);
/* INGRESO DE DATOS DE LA TABLA VENDOR */

INSERT INTO VENDOR VALUES('21225','Bryson, Inc.','Smithson','615','223-3234','TN','Y');
INSERT INTO VENDOR VALUES('21226','SuperLoo, Inc.','Flushing','904','215-8995','FL','N');
INSERT INTO VENDOR VALUES('21231','D&E Supply','Singh','615','228-3245','TN','Y');
INSERT INTO VENDOR VALUES('21344','Gomez Bros.','Ortega','615','889-2546','KY','N');
INSERT INTO VENDOR VALUES('22567','Dome Supply','Smith','901','678-1419','GA','N');
INSERT INTO VENDOR VALUES('23119','Randsets Ltd.','Anderson','901','678-3998','GA','Y');
INSERT INTO VENDOR VALUES('24004','Brackman Bros.','Browning','615','228-1410','TN','N');
INSERT INTO VENDOR VALUES('24288','ORDVA, Inc.','Hakford','615','898-1234','TN','Y');
INSERT INTO VENDOR VALUES('25443','B&K, Inc.','Smith','904','227-0093','FL','N');
INSERT INTO VENDOR VALUES('25501','Damal Supplies','Smythe','615','890-3529','TN','N');
INSERT INTO VENDOR VALUES('25595','Rubicon Systems','Orton','904','456-0092','FL','Y');

/* CREACION DE TABLA PRODUCTO */

CREATE TABLE PRODUCT (
	P_CODE varchar(10) PRIMARY KEY not null UNIQUE ,
	P_DESCRIPT varchar (35) not null,
	P_INDATE date  not null,
	P_QOH smallint not null,
	P_MIN smallint not null,
	P_PRINCE numeric (5,2) not null,
	P_DISCOUNT numeric (3,2) not null,
	V_CODE integer null,
	CONSTRAINT V_CODE foreign key (V_CODE)
 	REFERENCES VENDOR (V_CODE) ON UPDATE CASCADE);
 	
/*  INSERTAR DATOS A LA TABLA PRODUCTO */

INSERT INTO PRODUCT VALUES('11QER/31','Power painter, 15 psi., 3-nozzle','11/3/2009','8','5','109.99','0','25595');
INSERT INTO PRODUCT VALUES('13-Q2/P2','7.25-in. pwr. saw blade','13/12/2009','32','15','14.99','0.05','21344');
INSERT INTO PRODUCT VALUES('14-Q1/L3','9.00-in. pwr. saw blade','13/11/2009','18','12','17.49','0','21344');
INSERT INTO PRODUCT VALUES('1546-QQ2','Hrd. cloth, 1/4-in., 2x50','15/1/2010','15','8','39.95','0','23119');
INSERT INTO PRODUCT VALUES('1558-QW1','Hrd. cloth, 1/2-in., 3x50','15/1/2010','23','5','43.99','0','23119');
INSERT INTO PRODUCT VALUES('2232/QTY','B&D jigsaw, 12-in. blade','30/12/2009','8','5','109.92','0.05','24288');
INSERT INTO PRODUCT VALUES('2232/QWE','B&D jigsaw, 8-in. blade','24/12/2009','6','5','99.87','0.05','24288');
INSERT INTO PRODUCT VALUES('2238/QPD','B&D cordless drill, 1/2-in.','20/1/2010','12','5','38.95','0.05','25595');
INSERT INTO PRODUCT VALUES('23109-HB','Claw hammer','20/1/2010','23','10','9.95','0.1','21225');
INSERT INTO PRODUCT VALUES('23114-AA','Sledge hammer, 12 lb.','2/1/2010','8','5','14.40','0.05');
INSERT INTO PRODUCT VALUES('54778-2T','Rat-tail file, 1/8-in. fine','15/12/2009','43','20','4.99','0','21344');
INSERT INTO PRODUCT VALUES('89-WRE-Q','Hicut chain saw, 16 in.','7/2/2010','11','5','256.99','0.05','24288');
INSERT INTO PRODUCT VALUES('PVC23DRT','PVC pipe, 3.5-in., 8-ft','20/2/2010','188','75','5.87','0');
INSERT INTO PRODUCT VALUES('SM-18277','1.25-in. metal screw, 25','1/3/2010','172','75','6.99','0','21225');
INSERT INTO PRODUCT VALUES('SW-23116','2.5-in. wd. screw, 50','24/2/2010','237','100','8.45','0','21231');
INSERT INTO PRODUCT VALUES('WR3/TT3','Steel matting, 4''x8''x1/6", .5" mesh','17/1/2010','18','5','119.95','0.1','25595');

/* CREACION DE TABLA CUSTOMER */

CREATE TABLE CUSTOMER (
	CUS_CODE integer PRIMARY KEY not null,
	CUS_LNAME varchar(15) not null,
	CUS_FNAME varchar(15) not null,
	CUS_INITIAL varchar(1) null,
	CUS_AREACODE integer not null,
	CUS_PHONE varchar(8) not null,
	CUS_BALANCE numeric(5,2) not null
);
/* INGRESO DE DATOS DE LA TABLA CUSTOMER */

INSERT INTO CUSTOMER VALUES('10010','Ramas','Alfred','A','615','844-2573','0');
INSERT INTO CUSTOMER VALUES('10011','Dunne','Leona','K','713','894-1238','0');
INSERT INTO CUSTOMER VALUES('10012','Smith','Kathy','W','615','894-2285','345.86');
INSERT INTO CUSTOMER VALUES('10013','Olowski','Paul','F','615','894-2180','536.75');
INSERT INTO CUSTOMER VALUES('10014','Orlando','Myron','','615','222-1672','0');
INSERT INTO CUSTOMER VALUES('10015','O''Brian','Amy','B','713','442-3381','0');
INSERT INTO CUSTOMER VALUES('10016','Brown','James','G','615','297-1228','221.19');
INSERT INTO CUSTOMER VALUES('10017','Williams','George','','615','290-2556','768.93');
INSERT INTO CUSTOMER VALUES('10018','Farriss','Anne','G','713','382-7185','216.55');
INSERT INTO CUSTOMER VALUES('10019','Smith','Olette','K','615','297-3809','0');

/* CREACION DE TABLA INVOICE */

CREATE TABLE INVOICE (
	INV_NUMBER integer  PRIMARY KEY not null,
	CUS_CODE integer not null,
	INV_DATE date not null,
	INV_SUBTOTAL numeric (5,2) not null,
	INV_TAX numeric (5,2) not null,
	INV_TOTAL numeric (5,2) not null,
	CONSTRAINT CUS_CODE foreign key (CUS_CODE)
	references CUSTOMER (CUS_CODE)match simple
);
/*  INSERTAR DATOS A LA TABLA INVOICE */

INSERT INTO INVOICE VALUES('1001','10014','16/1/2010','24.90','1.99','26.89');
INSERT INTO INVOICE VALUES('1002','10011','16/1/2010','9.98','0.80','10.78');
INSERT INTO INVOICE VALUES('1003','10012','16/1/2010','153.85','12.31','166.16');
INSERT INTO INVOICE VALUES('1004','10011','17/1/2010','34.97','2.80','37.77');
INSERT INTO INVOICE VALUES('1005','10018','17/1/2010','70.44','5.64','76.08');
INSERT INTO INVOICE VALUES('1006','10014','17/1/2010','397.83','31.83','429.66');
INSERT INTO INVOICE VALUES('1007','10015','17/1/2010','34.97','2.80','37.77');
INSERT INTO INVOICE VALUES('1008','10011','17/1/2010','399.15','31.93','431.08');

/* CREACION DE TABLA LINE */

CREATE TABLE LINE (
	INV_NUMBER integer not null,
	LINE_NUMBER integer not null,
	P_CODE varchar(10) not null,
	LINE_UNITS smallint not null,
	LINE_PRICE numeric (5,2) not null,
	LINE_TOTAL numeric (5,2) not null,
	Primary key (INV_NUMBER,LINE_NUMBER),
	CONSTRAINT INV_NUMBER_FK FOREIGN KEY (INV_NUMBER)
	REFERENCES INVOICE(INV_NUMBER) MATCH SIMPLE,
	CONSTRAINT P_CODE_FK FOREIGN KEY (P_CODE)
	REFERENCES  PRODUCT (P_CODE) MATCH SIMPLE
);
/*  INSERTAR DATOS A LA TABLA LINE */

INSERT INTO LINE VALUES('1001',1,'13-Q2/P2','1','14.99','14.99');
INSERT INTO LINE VALUES('1001',2,'23109-HB','1','9.95','9.95');
INSERT INTO LINE VALUES('1002',1,'54778-2T','2','4.99','9.98');
INSERT INTO LINE VALUES('1003',1,'2238/QPD','1','38.95','38.95');
INSERT INTO LINE VALUES('1003',2,'1546-QQ2','1','39.95','39.95');
INSERT INTO LINE VALUES('1003',3,'13-Q2/P2','5','14.99','74.95');
INSERT INTO LINE VALUES('1004',1,'54778-2T','3','4.99','14.97');
INSERT INTO LINE VALUES('1004',2,'23109-HB','2','9.95','19.90');
INSERT INTO LINE VALUES('1005',1,'PVC23DRT','12','5.87','70.44');
INSERT INTO LINE VALUES('1006',1,'SM-18277','3','6.99','20.97');
INSERT INTO LINE VALUES('1006',2,'2232/QTY','1','109.92','109.92');
INSERT INTO LINE VALUES('1006',3,'23109-HB','1','9.95','9.95');
INSERT INTO LINE VALUES('1006',4,'89-WRE-Q','1','256.99','256.99');
INSERT INTO LINE VALUES('1007',1,'13-Q2/P2','2','14.99','29.98');
INSERT INTO LINE VALUES('1007',2,'54778-2T','1','4.99','4.99');
INSERT INTO LINE VALUES('1008',1,'PVC23DRT','5','5.87','29.35');
INSERT INTO LINE VALUES('1008',2,'WR3/TT3','3','119.95','359.85');
INSERT INTO LINE VALUES('1008','3','23109-HB','1','9.95','9.95');

/*    MOSTRAR TABLAS   */

	/*SELECT *FROM VENDOR
	SELECT *FROM PRODUCT
	SELECT *FROM CUSTOMER
	SELECT *FROM INVOICE
	SELECT *FROM LINE 
	*/

/*	BORRAR TABLAS   */

	/*DROP TABLE VENDOR;
	DROP TABLE PRODUCT;
	DROP TABLE CUSTOMER;
	DROP TABLE INVOICE;
	DROP TABLE LINE;
	*/
